,Label,Macrotheme,GroupRel,StakeRel,RankGroup,RankStake,RankAbsolute,Alignment
0,Relazioni industriali,Unknown,121.55844155844156,0.0,1.6666666666666667,0.0,1.6666666666666667,100.0
1,Delle materie prime,Unknown,0.0,105.4862842892768,0.0,1.6666666666666667,0.0,86.77824669096489
2,Efficientamento gestlone,Unknown,131.94805194805195,118.95261845386534,3.3333333333333335,3.3333333333333335,3.3333333333333335,10.69068781038856
3,Salute e dei energetico,Unknown,187.01298701298703,151.87032418952617,5.0,5.0,5.0,28.910096553488092
4,Gestione del capitale umano,Unknown,280.0,180.29925187032418,8.333333333333334,6.666666666666667,8.333333333333334,82.01877784172049
5,Gestione governance gestlone della,Unknown,225.45454545454547,257.35660847880297,6.666666666666667,8.333333333333334,6.666666666666667,26.244218513545164
6,Prodott,Unknown,300.0,300.0,10.0,10.0,10.0,0.0
