,Label,Macrotheme,GroupRel,StakeRel,RankGroup,RankStake,RankAbsolute,Alignment
0,Molto importante,Unknown,300.0,0.0,10.0,0.0,10.0,100.0
1,Strategia e gestione sviluppo e formazione del personale,Unknown,59.50155763239876,217.96338672768877,3.3333333333333335,3.3333333333333335,3.3333333333333335,23.383216086995088
2,Impatti sul territorio e sulla comunit,Unknown,0.0,272.54004576659037,0.0,6.666666666666667,0.0,85.13550538124034
3,Qualit del servizio e rapporti con i clienti,Unknown,184.73520249221184,300.0,6.666666666666667,10.0,6.666666666666667,0.0
