,Label,Kind,GroupRel,StakeRel,RankGroup,RankStake,RankAbsolute,Alignment
0,Impatti diretti,Unknown,23.059006211180126,0.0,1.4285714285714286,0.0,1.4285714285714286,16.305179659348184
1,Di prodotti,Unknown,74.06832298136646,102.66666666666666,4.285714285714286,1.4285714285714286,4.285714285714286,20.222082750579247
2,Welfare aziendale,Unknown,55.66770186335404,141.9047619047619,2.857142857142857,2.857142857142857,2.857142857142857,60.978809944870946
3,Alle famiglie e alle persone,Unknown,299.30124223602485,154.85714285714286,8.571428571428571,4.285714285714286,8.571428571428571,102.13740217319102
4,Per,Unknown,0.0,165.33333333333334,0.0,5.714285714285714,0.0,116.90832115617586
5,Formazione e sviluppo del personale,Unknown,224.53416149068323,167.61904761904762,7.142857142857143,7.142857142857143,7.142857142857143,40.245062970638074
6,Salute,Unknown,148.6024844720497,174.28571428571428,5.714285714285714,8.571428571428571,5.714285714285714,18.160785964014735
7,Sicurezza e protezione dei dati,Unknown,300.0,300.0,10.0,10.0,10.0,0.0
