,Label,Kind,GroupRel,StakeRel,RankGroup,RankStake,RankAbsolute,Alignment
0,Ambientale,Unknown,238.56,0.0,6.666666666666667,0.0,6.666666666666667,168.68739371986277
1,Per il gruppo,Unknown,0.0,198.81656804733728,0.0,3.3333333333333335,0.0,140.58454347850886
2,Risultato di queste attivit,Unknown,173.28,245.5621301775148,3.3333333333333335,6.666666666666667,3.3333333333333335,51.1111844071295
3,La matrice di materialit riportata di,Unknown,300.0,300.0,10.0,10.0,10.0,0.0
