,Label,Macrotheme,GroupRel,StakeRel,RankGroup,RankStake,RankAbsolute,Alignment
0,Integrato e al consumo responsabile,Unknown,163.78676470588235,0.0,1.6666666666666667,0.0,1.6666666666666667,100.0
1,E vendita etica,Unknown,163.78676470588235,42.19948849104861,1.6666666666666667,1.6666666666666667,3.3333333333333335,73.19388739401938
2,Per,Capitale,0.0,52.94117647058823,0.0,3.3333333333333335,0.0,29.588262171904347
3,Adattiva,cCapitale,300.0,139.64194373401534,10.0,5.0,10.0,97.82200335076409
4,Modello integrato con logiche cultura aziendale di sostenibilit,Unknown,163.78676470588235,175.70332480818416,1.6666666666666667,6.666666666666667,5.0,3.5284561100675362
5,Integrazione con il mondo consulenza cooperativo di riferimento,Unknown,206.61764705882354,200.25575447570333,6.666666666666667,8.333333333333334,6.666666666666667,0.0
6,Relazione e qualit ed,Unknown,248.89705882352942,300.0,8.333333333333334,10.0,8.333333333333334,28.42057166065898
