,Label,Macrotheme,GroupRel,StakeRel,RankGroup,RankStake,RankAbsolute,Alignment
0,Salute e sicurezza,Unknown,300.0,0.0,10.0,0.0,10.0,100.0
1,Stakeholder,Unknown,0.0,0.0,0.0,0.0,0.0,0.0
2,Sustainability marketing,Unknown,174.27677873338547,42.66365688487582,8.0,4.0,8.0,43.871040616169886
3,Customer experience,Unknown,135.34010946051603,88.71331828442439,6.0,6.0,6.0,15.542263725363883
4,Privacy dei clienti,Unknown,9.851446442533229,220.76749435665914,2.0,8.0,2.0,70.30534930470864
5,Pricing,Unknown,110.71149335418295,300.0,4.0,10.0,4.0,63.09616888193902
