,Label,Macrotheme,GroupRel,StakeRel,RankGroup,RankStake,RankAbsolute,Alignment
0,Salute e sicurezza,Unknown,300.0,0.0,10.0,0.0,10.0,100.0
1,Privacy dei clienti,Unknown,0.0,0.0,0.0,0.0,0.0,0.0
2,Sustainability marketing,Unknown,174.27677873338547,43.340857787810364,7.5,5.0,7.5,43.64530698185837
3,Customer experience,Unknown,135.34010946051603,88.71331828442439,5.0,7.5,5.0,15.542263725363883
4,Pricing,Unknown,110.71149335418295,300.0,2.5,10.0,2.5,63.09616888193902
