,Label,Macrotheme,GroupRel,StakeRel,RankGroup,RankStake,RankAbsolute,Alignment
0,Sviluppo del territorio,Unknown,0.0,0.0,0.0,0.0,0.0,0.0
1,Dei dati e delle informazioni,Unknown,49.76190476190476,11.306532663316602,1.4285714285714286,1.4285714285714286,1.4285714285714286,39.48962415991938
2,Diversit e welfare,Unknown,128.8095238095238,32.41206030150755,5.714285714285714,2.857142857142857,5.714285714285714,98.99006032608024
3,Contributo allo gestione responsabile della catena di,Unknown,101.42857142857143,42.2110552763819,4.285714285714286,4.285714285714286,4.285714285714286,60.810163285867
4,E coinvolgimento del capitle umano,Unknown,278.3333333333333,192.964824120603,8.571428571428571,5.714285714285714,8.571428571428571,87.66448378813382
5,Ottimizzazione delle relazione con i clienti,Unknown,100.71428571428571,195.97989949748745,2.857142857142857,7.142857142857143,2.857142857142857,97.8277696551216
6,Affidabilit ed efficienza degli impianti,Unknown,300.0,277.38693467336685,10.0,8.571428571428571,10.0,23.22124067771619
7,Transizione energetica,Unknown,202.61904761904762,300.0,7.142857142857143,10.0,7.142857142857143,100.0
