,Label,Kind,GroupRel,StakeRel,RankGroup,RankStake,RankAbsolute,Alignment
0,Diversit ed inclusione,Partnership responsabili,140.0985221674877,0.0,4.285714285714286,0.0,4.285714285714286,99.06461505884438
1,Consumo di acqua,Soddisfazione del cliente,0.0,10.444874274661515,0.0,1.4285714285714286,0.0,7.385641428254079
2,Ed emissioni di,Soddisfazione del cliente,19.80295566502463,46.42166344294003,1.4285714285714286,2.857142857142857,1.4285714285714286,18.822268776187073
3,Impatti sociali,Partnership responsabili,77.14285714285714,67.31141199226306,2.857142857142857,4.285714285714286,2.857142857142857,6.95188153484867
4,Formazione e sviluppo dei dipendenti formazione e sviluppo dei dipendenti,Partnership responsabili,163.74384236453201,105.02901353965183,5.714285714285714,5.714285714285714,5.714285714285714,41.51765361828014
5,Catena di fornitura sostenibile,Artigianalit e innovazione di prodotto,294.0886699507389,205.99613152804642,8.571428571428571,7.142857142857143,8.571428571428571,62.29083129062234
6,Diritti umani,sociale,262.16748768472905,249.5164410058027,7.142857142857143,8.571428571428571,7.142857142857143,8.945640895776371
7,Etica aziendale e compliance,Governance e compliance,300.0,300.0,10.0,10.0,10.0,0.0
