,Label,Kind,GroupRel,StakeRel,RankGroup,RankStake,RankAbsolute,Alignment
0,Relazioni industriali,posto di lavoro,140.0985221674877,0.0,5.0,0.0,5.0,99.06461505884438
1,Consumo di acqua,Soddisfazione del cliente,0.0,10.444874274661515,0.0,1.25,0.0,7.385641428254079
2,Consumo energetico impatti sociali,posto di lavoro,80.09852216748769,37.71760154738877,2.5,2.5,2.5,29.967836363400725
3,Ed emissioni di,Soddisfazione del cliente,19.80295566502463,46.42166344294003,1.25,3.75,1.25,18.822268776187073
4,Produzione e gestione,sociale,93.39901477832512,91.10251450676984,3.75,5.0,3.75,1.6238709150134922
5,Rifiuti,posto di lavoro,163.74384236453201,105.02901353965183,6.25,6.25,6.25,41.51765361828014
6,Catena di fornitura sostenibile,Unknown,294.0886699507389,205.99613152804642,8.75,7.5,8.75,62.29083129062234
7,Diritti umani,sociale,262.16748768472905,249.5164410058027,7.5,8.75,7.5,8.945640895776371
8,Etica aziendale e compliance,Unknown,300.0,300.0,10.0,10.0,10.0,0.0
