,Label,Macrotheme,GroupRel,StakeRel,RankGroup,RankStake,RankAbsolute,Alignment
0,And inclusion,Unknown,32.586786114221724,0.0,2.5,0.0,2.5,19.572210277178364
1,Protezione dei dati,Governance,19.820828667413213,145.2733118971061,1.25,1.25,1.25,75.34901947553978
2,Gestione dei,Governance,0.0,166.4951768488746,0.0,2.5,0.0,100.0
3,Transformation roadmap,Governance,237.51399776035834,223.21543408360128,8.75,3.75,8.75,8.587974707360843
4,Sicurezza digital del prodotto,Prodotto,169.31690929451287,230.7395498392283,5.0,5.0,5.0,36.89154347123696
5,Emissioni,Societ,87.01007838745801,246.94533762057878,3.75,6.25,3.75,96.0599954065287
6,Efficienza energetica ed idrica,Societ,226.76371780515117,287.84565916398714,7.5,7.5,7.5,36.68691340787559
7,Ricerca ed ecosostenibile,Prodotto,223.40425531914894,295.7556270096463,6.25,8.75,6.25,43.45553610611176
8,Prodotto,Societ,300.0,300.0,10.0,10.0,10.0,0.0
