,Label,Kind,GroupRel,StakeRel,RankGroup,RankStake,RankAbsolute,Alignment
0,Della catena di fornitura,Unknown,47.22838137472284,0.0,2.0,0.0,2.0,33.39550873453096
1,Tutela e rispetto dei diritti umani,Unknown,0.0,42.7947598253275,0.0,2.0,0.0,30.26046487173871
2,Del territorio e de lle comunit locali,Unknown,300.0,97.81659388646287,10.0,4.0,10.0,142.96525750627578
3,Efficienza energetica,Unknown,153.82483370288247,224.89082969432314,4.0,6.0,4.0,50.2512476773237
4,Attenzione al,Unknown,204.3791574279379,246.2882096069869,6.0,8.0,6.0,29.63417498890639
5,Gestione della della risorsa idrica,Unknown,280.04434589800445,300.0,8.0,10.0,8.0,14.110778338534196
