,Label,Kind,GroupRel,StakeRel,RankGroup,RankStake,RankAbsolute,Alignment
0,Protezione della privacy,Unknown,0.0,0.0,0.0,0.0,0.0,0.0
1,In,Unknown,157.20338983050848,63.1236442516269,6.666666666666667,3.3333333333333335,6.666666666666667,66.52442607113228
2,Educazione e sensibilizzazione del consumatore,Unknown,82.20338983050847,72.88503253796097,3.3333333333333335,6.666666666666667,3.3333333333333335,6.589073631079456
3,e gestione rifiuti,Unknown,300.0,300.0,10.0,10.0,10.0,0.0
