,Label,Macrotheme,GroupRel,StakeRel,RankGroup,RankStake,RankAbsolute,Alignment
0,Protezione della privacy,Unknown,0.0,0.0,0.0,0.0,0.0,0.0
1,Emissioni n atmosfera,Unknown,157.55395683453239,46.57814096016344,6.25,1.25,6.25,100.0
2,Educazione e sensibilizzazione del consumatore,Unknown,82.2841726618705,54.23901940755874,2.5,2.5,2.5,25.27140984127614
3,Creazione di valore per il territorio,Unknown,129.76618705035972,93.15628192032688,3.75,3.75,3.75,32.98908401040942
4,Tutela del suolo e della biodiversit,Unknown,28.597122302158272,118.89683350357507,1.25,5.0,1.25,81.36881940443791
5,"Economia circolare, valorizzazione scarti e gestione rifiuti",Unknown,300.0,221.2461695607763,10.0,6.25,10.0,70.96485826099048
6,Gestio risorse,Unknown,137.0503597122302,243.92236976506638,5.0,7.5,5.0,96.30207195216433
7,Qualit del prodotto e attenzione al consumatore,Unknown,285.7014388489209,262.0020429009193,8.75,8.75,8.75,21.3554599813266
8,Efficientamento energetico e lotta al cambiamento climatico,Unknown,273.83093525179856,300.0,7.5,10.0,7.5,23.58087168994219
