,Label,Kind,GroupRel,StakeRel,RankGroup,RankStake,RankAbsolute,Alignment
0,Temi non materiali,Unknown,0.0,0.0,0.0,0.0,0.0,0.0
1,Gestione delle risorse attrazione e sviluppo delle risorse chiave efficienza energetica e azioni per il clima salute e sicurezza dei dipendenti,Unknown,245.15895953757226,35.46592489568843,6.25,1.25,6.25,148.27536676286167
2,Cybersecurity e privacy dei dati pratiche di marketing e vendita responsabili,Unknown,3.0346820809248554,71.9749652294854,1.25,2.5,1.25,48.748141711267834
3,Ethical behavior,Unknown,279.40751445086704,82.61474269819195,8.75,3.75,8.75,139.15350339481301
4,Community impact,Unknown,244.29190751445086,101.59944367176635,5.0,5.0,5.0,100.89880880737844
5,Resilienza e redditivit nel lungo termine,Unknown,48.98843930635838,137.37830319888735,2.5,6.25,2.5,62.5010721465632
6,Stakeholder di,Unknown,54.84104046242775,235.7440890125174,3.75,7.5,3.75,127.91777236708762
7,Materialit esg per amplifon,Unknown,300.0,294.5757997218359,10.0,8.75,10.0,3.8354887992037976
8,Amplifon,Unknown,252.3121387283237,300.0,7.5,10.0,7.5,33.720410085485646
