,Label,Kind,GroupRel,StakeRel,RankGroup,RankStake,RankAbsolute,Alignment
0,Temi social temi di governance e business,Unknown,257.9192546583851,0.0,8.0,0.0,8.0,182.37645396752413
1,Economici e sociali per il gruppo saras,Unknown,159.472049689441,17.899761336515496,4.0,2.0,4.0,100.1067251224509
2,Stakeholder,Unknown,0.0,148.63961813842482,0.0,4.0,0.0,105.10408193865914
3,Esterni,Unknown,0.0,186.15751789976133,0.0,6.0,2.0,131.63324327577732
4,E sicurezza,Unknown,300.0,270.3579952267303,10.0,8.0,10.0,20.960062583143028
5,Emissioni in aria e gas a effetto serra,Unknown,252.9503105590062,300.0,6.0,10.0,6.0,33.269154456447815
