,Label,Macrotheme,GroupRel,StakeRel,RankGroup,RankStake,RankAbsolute,Alignment
0,E pari opportunit,Unknown,86.79927667269439,0.0,2.307692307692308,0.0,2.307692307692308,28.65566773063705
1,Bassa,Unknown,0.0,1.1665586519766862,0.0,1.5384615384615385,0.0,0.0
2,Ambientali e sociali per,Unknown,211.75406871609403,0.7777057679844575,4.615384615384616,0.7692307692307693,4.615384615384616,70.20961353913101
3,Comunicazione e marketing trasparenti,Unknown,122.60397830018083,71.1600777705768,3.8461538461538463,2.307692307692308,3.8461538461538463,16.82453665521123
4,E dei servizi,Unknown,256.9620253164557,130.65456902138692,7.6923076923076925,3.076923076923077,7.6923076923076925,41.876470410603154
5,Continuit del servizio e gestione dei rischi,Unknown,300.0,136.29293583927415,10.0,3.8461538461538463,10.0,54.39167208848406
6,Tutela,Unknown,98.73417721518987,150.6804925469864,3.076923076923077,4.615384615384616,3.076923076923077,16.99266201625721
7,Delle nostre,Unknown,218.08318264014466,162.7349319507453,5.384615384615385,5.384615384615385,5.384615384615385,18.131067190141657
8,Etica e al benessere fiducia e reputazione,Unknown,259.3128390596745,186.26053143227477,8.461538461538462,6.153846153846154,8.461538461538462,24.055456662129203
9,Tutela del paesaggio,Unknown,229.29475587703436,186.45495787427092,6.153846153846154,6.923076923076923,6.153846153846154,13.94530651014183
10,Degli,Unknown,0.7233273056057866,204.73104342190538,1.5384615384615385,7.6923076923076925,1.5384615384615385,67.87766340651709
11,E gestione dellacqua,Unknown,261.6636528028933,210.75826312378484,9.230769230769232,8.461538461538462,9.230769230769232,16.64433230858042
12,Territoriale,Unknown,249.90958408679927,285.61244329228776,6.923076923076923,9.230769230769232,6.923076923076923,11.557040068112931
13,Stakeholder,Unknown,0.0,300.0,0.0,10.0,0.7692307692307693,100.0
