,Label,Kind,GroupRel,StakeRel,RankGroup,RankStake,RankAbsolute,Alignment
0,Richieste dal,Unknown,0.0,0.0,0.0,0.0,0.0,0.0
1,Governance e compliance,Unknown,105.68181818181819,62.42152466367713,2.5,1.25,2.5,30.589646902797984
2,Sostenibili,sicurezza,222.24025974025975,126.99551569506727,6.25,2.5,6.25,67.34820438673263
3,Innovazione,Unknown,120.94155844155844,182.42152466367713,3.75,3.75,3.75,43.47290102278001
4,Stakeholder,Unknown,88.47402597402598,194.26008968609864,1.25,5.0,1.25,74.80204300583873
5,Performance salute e inanziaria,sicurezza,218.34415584415584,198.29596412556054,5.0,6.25,5.0,14.176212314746714
6,Benessere ed equilibrio vita lavoro,Unknown,254.87012987012986,218.20627802690584,8.75,7.5,8.75,25.925258262762604
7,Business,Unknown,241.3961038961039,228.1614349775785,7.5,8.75,7.5,9.358324139048152
8,Solidit finanziaria,sicurezza,300.0,300.0,10.0,10.0,10.0,0.0
