,Label,Kind,GroupRel,StakeRel,RankGroup,RankStake,RankAbsolute,Alignment
0,Ambientali e sociali per,Unknown,238.66015352407535,0.0,6.0,0.0,6.0,168.75821295589617
1,Significativit degli impatti,Unknown,168.73691556175854,0.0,4.0,0.0,4.0,119.31501723022133
2,Inclusione bassa,Unknown,25.331472435450106,32.42009132420094,2.0,4.0,2.0,5.0124104854827625
3,E soddisfazione del cliente,Unknown,283.04256803907884,172.60273972602738,8.0,6.0,8.0,78.09275151323675
4,E gestione dellacqua,Unknown,300.0,192.69406392694066,10.0,8.0,10.0,75.87675505883043
5,Stakeholder,Unknown,0.0,300.0,0.0,10.0,0.0,212.13203435596424
