,Label,Kind,GroupRel,StakeRel,RankGroup,RankStake,RankAbsolute,Alignment
0,Balance,Unknown,0.0,0.0,0.0,0.0,0.0,0.0
1,E retention dei talenti,Clienti,177.64423076923077,19.11987860394538,7.142857142857143,1.4285714285714286,7.142857142857143,112.09364439927765
2,Sostenibili,Clienti,73.07692307692308,31.86646433990893,2.857142857142857,2.857142857142857,2.857142857142857,29.14019482875111
3,Animal welfare,Unknown,25.721153846153847,85.58421851289833,1.4285714285714286,4.285714285714286,1.4285714285714286,42.329578968463835
4,Welfare,Unknown,126.20192307692308,128.37632776934748,4.285714285714286,5.714285714285714,4.285714285714286,1.5375363030571445
5,Climate change,Clienti,190.14423076923077,178.45220030349014,8.571428571428571,7.142857142857143,8.571428571428571,8.267514028164905
6,Packaging sostenibile,Clienti,177.16346153846155,251.2898330804249,5.714285714285714,8.571428571428571,5.714285714285714,52.4152599820758
7,Innovazione,Clienti,300.0,300.0,10.0,10.0,10.0,0.0
