,Label,Macrotheme,GroupRel,StakeRel,RankGroup,RankStake,RankAbsolute,Alignment
0,Gestione del rapporto con le comunit locali,Unknown,0.0,0.0,0.0,0.0,0.0,0.0
1,Diversit e inclusione,Unknown,126.71594508975713,109.44,2.857142857142857,1.4285714285714286,2.857142857142857,26.80149718491492
2,Con le parti sociali,Unknown,68.42661034846886,119.52000000000001,1.4285714285714286,2.857142857142857,1.4285714285714286,79.26508979964142
3,Formazione e sviluppo del personale,Unknown,182.78775079197464,162.24,5.714285714285714,4.285714285714286,5.714285714285714,31.877300034598772
4,Benessere,Unknown,140.02111932418163,204.48000000000002,4.285714285714286,5.714285714285714,4.285714285714286,100.0
5,Customer satisfaction,Unknown,275.29039070749735,221.76,8.571428571428571,7.142857142857143,8.571428571428571,83.04579624445631
6,Lotta alla corruzione e al,Unknown,250.58078141499473,276.48,7.142857142857143,8.571428571428571,7.142857142857143,40.179442015538015
7,Eccellenza tecnologica,Unknown,300.0,300.0,10.0,10.0,10.0,0.0
