,Label,Kind,GroupRel,StakeRel,RankGroup,RankStake,RankAbsolute,Alignment
0,Ottimizzazione ed efficienza logistica,Unknown,254.8216644649934,0.0,4.285714285714286,0.0,4.285714285714286,180.1861269364399
1,Economica,Unknown,300.0,29.598662207357847,10.0,1.4285714285714286,10.0,191.20261959509153
2,Alimentari,Unknown,280.9775429326288,63.7123745819398,8.571428571428571,2.857142857142857,8.571428571428571,153.62967385640906
3,Umani,Unknown,134.7424042272127,63.7123745819398,1.4285714285714286,2.857142857142857,1.4285714285714286,50.22581563005396
4,Sostenibilit del packaging,Unknown,217.17305151915457,138.46153846153845,2.857142857142857,5.714285714285714,2.857142857142857,55.657444640493836
5,Dei prodotti,Unknown,271.07001321003963,196.65551839464882,5.714285714285714,7.142857142857143,5.714285714285714,52.61899390253402
6,Responsabilit nella catena di fornitura,Unknown,0.0,220.23411371237458,0.0,8.571428571428571,0.0,155.72903525462928
7,Impatti ambientali della produzione,Unknown,272.2589167767503,300.0,7.142857142857143,10.0,7.142857142857143,19.61590806462022
