,Label,Kind,GroupRel,StakeRel,RankGroup,RankStake,RankAbsolute,Alignment
0,Impegno,Unknown,266.42984014209594,0.0,8.333333333333334,0.0,8.333333333333334,188.39434667492387
1,Legenda:,Unknown,159.85790408525756,0.0,5.0,0.0,5.0,113.03660800495432
2,Basso,Unknown,67.67317939609237,98.23434991974318,3.3333333333333335,3.3333333333333335,3.3333333333333335,21.61001091827192
3,Pu,Unknown,0.0,138.20224719101122,0.0,5.0,0.0,97.72374616398352
4,Medio,Unknown,27.97513321492007,176.24398073836278,1.6666666666666667,6.666666666666667,1.6666666666666667,104.84190752254057
5,Umani,Unknown,300.0,234.02889245585874,10.0,8.333333333333334,10.0,46.648617506849284
6,Responsabilit nella catena di fornitura,Unknown,250.44404973357015,300.0,6.666666666666667,10.0,6.666666666666667,35.04134848153584
